{
    "tabs": {
        "00": {
            "tab_id": "00",
            "cwd": "/workspace/shadcn-ui",
            "observer": {
                "block": "Terminal",
                "uuid": "99d2efa8-9c0b-4ab7-b043-4833639c48f4",
                "enable_llm_stream": false,
                "callback_url": ""
            },
            "shell_command": [
                "bash"
            ],
            "command_terminator": "\n"
        },
        "01": {
            "tab_id": "01",
            "cwd": "/workspace/shadcn-ui",
            "observer": {
                "block": "Terminal",
                "uuid": "544376cc-3568-4e03-8ee6-3a0c1110d459",
                "enable_llm_stream": false,
                "callback_url": ""
            },
            "shell_command": [
                "bash"
            ],
            "command_terminator": "\n"
        }
    },
    "current_tab_id": "01",
    "forbidden_commands": {
        "run preview": "Use Deployer.deploy_to_public instead.",
        "serve ": "Use Deployer.deploy_to_public instead.",
        "python -m http.server": "Use python -u -m http.server port_number instead."
    },
    "timeout": 300.0,
    "working_dir": "/workspace"
}